requests_per_minute,session_duration,unique_pages,avg_click_interval,is_headless,user_agent_length,visit_count,label
2.1672,858.24,24,28.608,0,116,31,0
6.0666,49.45,5,12.3627,1,86,5,1
1.8184,692.91,19,34.6454,0,103,21,0
5.7994,41.38,4,13.7946,1,92,4,1
99.5298,4.22,3,0.7033,0,72,7,1
3.2832,18.27,1,0,1,90,1,1
75.4274,29.43,3,0.8176,1,65,37,1
36.5532,57.45,4,1.6897,1,52,35,1
4.4088,13.61,1,0,1,90,1,1
205.7292,25.08,1,0.2951,1,45,86,1
186.3121,5.15,8,0.3435,1,18,16,1
25.1457,23.86,2,2.6512,1,25,10,1
3.1635,322.43,17,20.152,0,147,17,0
7.589,23.72,3,11.8593,1,93,3,1
8.8564,203.24,20,7.0084,0,133,30,0
219.5003,2.19,4,0.3124,0,105,8,1
4.5225,212.27,10,14.1514,0,146,16,0
5.9124,304.44,24,10.4981,0,140,30,0
2.0576,408.25,11,31.4035,0,119,14,0
0.8916,874.84,3,72.9032,0,103,13,0
4.1491,57.84,4,19.2811,1,75,4,1
51.0957,25.83,8,1.2302,1,22,22,1
119.3269,12.57,4,0.5238,1,24,25,1
193.0096,28.29,4,0.3143,1,45,91,1
1.4591,411.22,9,45.6912,0,122,10,0
2.9881,702.79,30,20.6704,0,141,35,0
290.4409,2.07,8,0.2295,0,76,10,1
2.2754,553.76,19,27.6878,0,113,21,0
236.9888,22.53,2,0.2561,1,52,89,1
0.6998,428.71,5,107.1771,0,94,5,0
34.4239,10.46,6,2.0916,1,88,6,1
2.5931,46.28,2,46.2762,1,93,2,1
68.3664,4.39,4,1.097,0,80,5,1
108.7535,4.41,6,0.6305,0,88,8,1
106.608,7.88,2,0.6061,1,22,14,1
6.4854,74.01,1,10.5731,0,140,8,0
141.7869,42.32,3,0.4274,1,35,100,1
33.7625,15.99,5,1.9993,1,12,9,1
122.1722,4.91,6,0.5457,0,92,10,1
2.6201,595.39,23,23.8158,0,142,26,0
1.3766,610.2,9,46.9382,0,149,14,0
9.5616,219.63,29,6.4597,0,134,35,0
0.6802,617.43,2,102.9058,0,146,7,0
2.2906,288.14,1,28.8136,0,136,11,0
0.5288,680.74,1,136.1477,0,139,6,0
8.1359,73.75,7,8.1942,0,120,10,0
55.6934,18.31,3,1.1447,1,35,17,1
197.4934,5.47,2,0.3217,1,22,18,1
1.6125,186.04,3,46.5109,0,108,5,0
101.5357,1.77,3,0.8864,0,98,3,1
62.3579,52.92,2,0.98,1,38,55,1
17.5187,20.55,6,4.1099,1,75,6,1
141.4621,32.23,2,0.4298,1,55,76,1
1.0653,732.2,10,61.0168,0,91,13,0
18.7334,57.65,9,3.3912,0,106,18,0
9.0869,13.21,2,13.2059,1,93,2,1
1.5372,663.55,8,41.4716,0,128,17,0
2.3784,655.9,26,26.2362,0,108,26,0
67.0069,42.09,5,0.9149,1,45,47,1
58.1226,21.68,2,1.0839,1,30,21,1
1.7655,883.6,24,35.344,0,117,26,0
74.5558,4.83,3,0.9657,0,110,6,1
2.6776,268.9,3,24.4454,0,116,12,0
85.5159,43.5,4,0.7131,1,55,62,1
47.7912,47.71,2,1.2894,1,48,38,1
2.3357,231.2,3,28.8997,0,104,9,0
1.4017,42.81,1,0,1,95,1,1
65.6352,55.76,2,0.9294,1,52,61,1
22.136,16.26,4,3.2526,1,25,6,1
93.2534,3.86,6,0.7721,0,88,6,1
4.3513,399.88,21,14.2813,0,142,29,0
1.8641,32.19,1,0,1,82,1,1
46.1238,49.43,5,1.336,1,45,38,1
5.1498,139.81,12,12.7102,0,102,12,0
5.5924,42.92,4,14.3051,1,75,4,1
83.1818,16.59,3,0.7541,1,60,23,1
26.8366,13.41,6,2.6829,1,78,6,1
3.2653,330.75,13,19.4558,0,107,18,0
292.247,2.05,9,0.2281,0,92,10,1
92.8102,52.36,4,0.6546,1,52,81,1
2.0317,885.94,20,30.5498,0,140,30,0
31.6175,49.34,2,1.9736,1,38,26,1
155.5082,3.09,8,0.441,0,110,8,1
358.5398,0.84,4,0.2092,0,76,5,1
160.6029,7.85,5,0.3923,1,25,21,1
140.9975,2.98,7,0.4965,0,80,7,1
2.421,322.19,11,26.8489,0,139,13,0
129.8047,4.62,5,0.5136,0,98,10,1
158.8191,1.51,3,0.5037,0,92,4,1
2.0602,815.44,27,30.2015,0,132,28,0
11.544,31.19,6,6.237,1,75,6,1
1.5642,383.58,8,42.62,0,109,10,0
1.9402,680.34,20,32.3971,0,107,22,0
14.5879,20.56,5,5.1412,1,92,5,1
45.8179,14.4,5,1.4405,1,22,11,1
7.3923,24.35,3,12.1748,1,75,3,1
93.1777,1.93,3,0.9659,0,80,3,1
1.1948,50.22,1,0,1,90,1,1
612.2826,0.98,9,0.1089,0,98,10,1
0.8021,897.67,4,81.6067,0,142,12,0
31.5444,9.51,4,2.3776,1,22,5,1
2.6065,598.51,26,23.9403,0,93,26,0
0.9329,836.07,10,69.6726,0,119,13,0
48.514,16.08,5,1.3398,1,12,13,1
1.1321,53.0,1,0,1,93,1,1
169.6154,2.48,6,0.4127,0,110,7,1
38.667,49.65,1,1.6018,1,65,32,1
315.0697,15.81,2,0.1928,1,65,83,1
8.385,178.89,18,7.4538,0,114,25,0
1.0312,756.37,10,63.031,0,123,13,0
124.4362,3.38,6,0.5625,0,110,7,1
274.0705,20.8,2,0.2213,1,55,95,1
90.9443,23.75,5,0.6786,1,65,36,1
112.6495,4.79,8,0.5992,0,92,9,1
28.1373,14.93,7,2.4878,1,20,7,1
2.0739,607.55,20,30.3776,0,118,21,0
2.6444,272.28,9,24.7523,0,111,12,0
5.974,20.09,2,20.0871,1,85,2,1
0.6109,687.53,7,114.5884,0,95,7,0
360.4129,0.83,4,0.2081,0,98,5,1
2.371,885.69,25,26.0497,0,102,35,0
59.1111,25.38,3,1.0573,1,25,25,1
1.5198,355.31,3,44.4131,0,98,9,0
6.5961,18.19,2,18.1926,1,86,2,1
6.1269,215.44,16,10.2593,0,155,22,0
9.379,140.74,18,6.7019,0,155,22,0
72.5368,19.85,5,0.8631,1,12,24,1
104.6327,32.69,5,0.5837,1,48,57,1
107.8473,45.62,4,0.5632,1,52,82,1
2.0499,643.93,20,30.6634,0,116,22,0
1.7992,800.34,19,34.7975,0,131,24,0
4.2599,436.63,23,14.5543,0,112,31,0
8.2326,21.86,3,10.9321,1,88,3,1
34.4465,29.61,2,1.8507,1,20,17,1
111.0429,35.66,1,0.5486,1,35,66,1
111.2607,39.37,2,0.5468,1,48,73,1
75.2814,50.21,4,0.8099,1,52,63,1
55.0484,4.36,4,1.4533,0,80,4,1
299.3666,13.03,3,0.2036,1,60,65,1
56.0119,55.7,4,1.0922,1,42,52,1
133.2732,7.2,8,0.4802,1,25,16,1
4.1452,434.24,28,14.9738,0,99,30,0
34.5373,57.33,28,1.7915,0,145,33,0
2.4315,839.0,26,25.4241,0,113,34,0
150.5417,2.79,5,0.465,0,80,7,1
86.3459,36.83,4,0.7082,1,55,53,1
7.9392,37.79,5,9.4467,1,93,5,1
0.5726,838.32,5,119.7594,0,125,8,0
70.2845,3.41,3,1.1382,0,92,4,1
2.3075,702.06,27,27.0022,0,105,27,0
54.0268,13.33,3,1.2115,1,25,12,1
1.3432,44.67,1,0,1,82,1,1
41.1163,27.73,6,1.5403,1,30,19,1
71.9851,27.51,5,0.8596,1,55,33,1
2.5764,721.95,24,24.065,0,125,31,0
11.889,15.14,3,7.57,1,85,3,1
0.6328,568.86,4,113.7724,0,137,6,0
108.7644,4.41,8,0.6305,0,105,8,1
81.0645,39.23,3,0.7544,1,52,53,1
17.898,90.51,27,3.4813,0,129,27,0
160.8804,3.36,6,0.4196,0,88,9,1
87.5682,33.57,5,0.6995,1,65,49,1
1.0624,734.2,3,61.1837,0,113,13,0
8.5667,245.14,25,7.2099,0,106,35,0
6.7408,53.41,6,10.6812,1,86,6,1
63.7454,12.24,2,1.0197,1,20,13,1
39.6032,4.55,3,2.2725,0,110,3,1
121.4175,6.92,8,0.5322,1,25,14,1
4.998,312.13,16,12.485,0,125,26,0
89.7135,16.05,4,0.6979,1,30,24,1
0.3663,819.03,5,204.757,0,138,5,0
5.1492,151.48,11,12.6232,0,94,13,0
23.9683,25.03,6,2.7815,1,12,10,1
38.2593,21.96,6,1.6889,1,12,14,1
83.1389,53.4,1,0.7316,1,42,74,1
157.6981,3.42,9,0.428,0,76,9,1
2.3622,863.61,30,26.17,0,104,34,0
69.6953,57.68,4,0.8739,1,52,67,1
3.5359,203.63,9,18.5117,0,136,12,0
45.7551,3.93,3,1.967,0,92,3,1
11.8242,126.86,19,5.2858,0,128,25,0
89.5139,31.5,2,0.6849,1,48,47,1
16.0817,123.12,31,3.8475,0,154,33,0
20.6174,90.21,29,3.0072,0,152,31,0
5.5492,21.62,2,21.6247,1,86,2,1
5.0461,59.45,5,14.8629,1,95,5,1
2.1876,630.83,23,28.6743,0,126,23,0
5.4324,220.9,16,11.6261,0,111,20,0
7.1856,41.75,5,10.4376,1,82,5,1
242.9234,2.47,3,0.2744,0,80,10,1
3.6265,314.36,15,17.4642,0,146,19,0
4.7782,50.23,4,16.7427,1,92,4,1
1.7147,209.95,4,41.9892,0,154,6,0
26.4893,6.8,3,3.3976,1,95,3,1
3.8512,264.85,17,16.5534,0,93,17,0
0.6991,514.94,1,102.9886,0,125,6,0
2.9497,20.34,1,0,1,75,1,1
3.7718,31.82,2,31.8152,1,82,2,1
1.6337,404.0,10,40.4003,0,114,11,0
4.4509,471.81,27,13.8768,0,146,35,0
0.5425,774.13,7,129.0211,0,99,7,0
1.102,762.25,12,58.6348,0,107,14,0
2.4143,820.1,23,25.6281,0,147,33,0
109.138,4.95,9,0.6185,0,95,9,1
181.0316,3.31,3,0.3683,0,105,10,1
47.3717,11.4,3,1.4249,1,24,9,1
3.9826,497.16,27,15.5364,0,118,33,0
2.0712,434.54,12,31.0386,0,111,15,0
2.9117,103.03,4,25.7586,0,157,5,0
10.6837,33.7,6,6.7392,1,95,6,1
32.5168,59.05,3,1.9047,1,65,32,1
0.5918,709.67,6,118.2788,0,130,7,0
1.5969,789.02,17,39.4508,0,111,21,0
24.4406,81.01,29,2.5316,0,121,33,0
244.2223,20.64,4,0.2486,1,60,84,1
3.2137,504.1,20,19.3884,0,132,27,0
348.1555,1.55,9,0.1939,0,80,9,1
0.8051,670.73,9,83.8412,0,146,9,0
7.8513,30.57,4,10.1894,1,93,4,1
3.4262,577.9,26,18.0592,0,152,33,0
96.1325,2.5,4,0.8322,0,72,4,1
4.0132,44.85,3,22.4261,1,86,3,1
18.5855,9.68,3,4.8425,1,88,3,1
91.8514,1.96,3,0.9798,0,110,3,1
283.6071,11.64,3,0.2155,1,60,55,1
1.3084,45.86,1,0,1,78,1,1
1.435,752.6,16,44.2703,0,125,18,0
73.7676,4.07,5,1.0167,0,98,5,1
3.36,607.15,26,18.3984,0,141,34,0
36.0545,51.59,1,1.7196,1,48,31,1
0.907,793.87,3,72.1699,0,144,12,0
3.5175,443.5,24,17.7398,0,111,26,0
21.6784,16.61,6,3.3213,1,92,6,1
1.4214,337.7,7,48.2429,0,106,8,0
1.7956,33.41,1,0,1,88,1,1
5.6355,21.29,2,21.2936,1,82,2,1
162.5724,16.61,5,0.3775,1,55,45,1
8.8661,169.18,25,7.0493,0,107,25,0
54.902,3.28,3,1.6393,0,110,3,1
51.7515,22.03,6,1.2238,1,24,19,1
1.1649,360.54,3,60.0895,0,141,7,0
1.8775,862.87,25,33.1872,0,113,27,0
95.4833,16.34,4,0.6535,1,65,26,1
73.1788,18.86,8,0.8572,1,20,23,1
126.0104,29.05,5,0.4841,1,65,61,1
2.567,467.48,18,24.6042,0,107,20,0
0.6053,793.02,5,113.2891,0,116,8,0
263.6328,22.53,2,0.2299,1,52,99,1
11.8842,90.88,18,5.3457,0,126,18,0
1.8376,424.47,8,35.3722,0,112,13,0
2.013,506.71,7,31.6691,0,117,17,0
3.3119,271.75,8,19.4106,0,118,15,0
102.0383,4.7,7,0.672,0,110,8,1
2.812,640.11,26,22.0728,0,137,30,0
52.0311,3.46,3,1.7297,0,80,3,1
45.3061,15.89,5,1.4447,1,35,12,1
2.136,561.81,11,29.5689,0,129,20,0
0.819,659.32,8,82.4146,0,132,9,0
333.8935,1.8,9,0.1997,0,85,10,1
1.5102,556.2,9,42.7848,0,113,14,0
573.385,1.05,6,0.1163,0,95,10,1
0.4,899.92,3,179.984,0,135,6,0
129.8605,26.34,4,0.4703,1,38,57,1
2.6958,511.91,22,23.2687,0,125,23,0
37.1484,51.68,5,1.6672,1,48,32,1
2.6102,804.55,28,23.6632,0,137,35,0
139.4095,4.3,6,0.4782,0,80,10,1
1.8035,432.49,4,36.0405,0,131,13,0
20.8461,28.78,7,3.198,1,12,10,1
123.9232,4.84,5,0.538,0,85,10,1
28.199,14.89,4,2.4824,1,22,7,1
3.3065,635.1,34,18.6796,0,152,35,0
33.8267,26.61,7,1.9004,1,22,15,1
1.4823,607.15,6,43.3677,0,121,15,0
0.4761,756.1,5,151.2195,0,92,6,0
113.875,4.74,7,0.5928,0,85,9,1
116.1756,50.1,2,0.5218,1,60,97,1
177.2423,3.05,9,0.3808,0,95,9,1
1.681,35.69,1,0,1,90,1,1
22.495,24.01,7,3.0007,1,25,9,1
134.7626,2.23,5,0.5565,0,85,5,1
469.8295,1.02,6,0.1459,0,85,8,1
5.841,30.82,3,15.4084,1,75,3,1
0.5567,646.64,1,129.3286,0,143,6,0
136.56,4.39,10,0.4882,0,85,10,1
74.9198,25.63,3,0.8267,1,42,32,1
3.1808,584.77,29,19.4922,0,121,31,0
36.9433,38.98,2,1.6947,1,52,24,1
1.0507,856.53,12,61.181,0,112,15,0
141.3433,2.97,5,0.4952,0,92,7,1
50.6856,23.68,3,1.2461,1,18,20,1
133.9165,1.34,3,0.6721,0,98,3,1
2.1552,779.5,25,28.8704,0,143,28,0
47.7764,23.86,8,1.3256,1,24,19,1
531.2381,1.02,4,0.1271,0,95,9,1
3.1193,538.59,27,19.9478,0,150,28,0
26.0897,13.8,2,2.7597,1,15,6,1
5.8014,341.29,33,10.6654,0,135,33,0
73.5824,51.37,4,0.8286,1,48,63,1
7.6662,140.88,12,8.2869,0,132,18,0
1.4371,751.53,8,44.2078,0,120,18,0
44.7202,20.13,6,1.4375,1,18,15,1
2.637,591.59,23,23.6634,0,118,26,0
4.3355,41.52,3,20.7589,1,82,3,1
2.3991,850.33,29,25.7676,0,113,34,0
224.8029,25.62,1,0.2697,1,58,96,1
148.7614,35.09,3,0.408,1,38,87,1
131.4107,2.74,4,0.5479,0,105,6,1
1.3291,496.57,3,49.6569,0,100,11,0
7.3865,40.61,5,10.1537,1,85,5,1
2.6164,665.04,22,23.7514,0,119,29,0
12.099,143.81,23,5.1362,0,114,29,0
22.0371,89.85,26,2.8078,0,136,33,0
4.2102,242.27,17,15.1417,0,116,17,0
9.6469,130.61,20,6.5306,0,107,21,0
1054.3626,0.57,5,0.0632,0,80,10,1
4.0124,59.81,4,19.9382,1,86,4,1
1.6654,720.55,12,37.9237,0,141,20,0
7.8779,198.02,21,7.9209,0,141,26,0
51.0148,28.23,8,1.2273,1,15,24,1
40.6526,47.23,3,1.5235,1,38,32,1
5.6773,359.32,32,10.8886,0,123,34,0
14.2399,21.07,5,5.2669,1,78,5,1
178.0114,3.37,10,0.3745,0,110,10,1
149.2207,3.22,3,0.4595,0,88,8,1
4.6858,384.14,21,13.2463,0,103,30,0
141.2504,4.25,7,0.472,0,105,10,1
4.1279,305.24,15,15.2621,0,113,21,0
87.7187,15.73,5,0.7151,1,28,23,1
42.385,48.13,5,1.4585,1,60,34,1
26.4477,9.07,4,3.0248,1,85,4,1
120.0788,16.99,1,0.5148,1,42,34,1
42.1013,14.25,7,1.5835,1,22,10,1
0.6503,645.82,1,107.6369,0,126,7,0
217.6522,26.19,2,0.2786,1,42,95,1
5.3405,303.34,21,11.6669,0,147,27,0
7.6616,39.16,5,9.7891,1,93,5,1
64.3848,21.43,2,0.9743,1,18,23,1
7.9202,22.73,3,11.3634,1,88,3,1
7.1001,16.9,2,16.9012,1,75,2,1
3.0052,598.96,20,20.6538,0,94,30,0
69.3272,19.91,2,0.9048,1,18,23,1
272.4543,20.26,5,0.2226,1,60,92,1
1.9538,245.68,2,35.0968,0,117,8,0
4.9371,48.61,4,16.2038,1,92,4,1
1.9429,772.03,23,32.1681,0,115,25,0
239.1177,21.08,5,0.2539,1,45,84,1
51.2028,29.3,2,1.2206,1,35,25,1
0.3529,850.19,3,212.5463,0,151,5,0
0.8998,533.46,5,76.208,0,138,8,0
2.5177,47.66,2,47.6631,1,90,2,1
60.4879,20.83,6,1.0415,1,35,21,1
85.4525,55.47,3,0.7111,1,48,79,1
3.193,338.24,14,19.8964,0,123,18,0
6.754,35.53,4,11.8449,1,88,4,1
66.8906,30.5,29,0.9242,0,111,34,0
10.4725,17.19,3,8.5939,1,88,3,1
65.8303,21.87,6,0.9511,1,20,24,1
420.0307,13.0,5,0.1444,1,65,91,1
1.1515,364.75,5,60.7913,0,131,7,0
43.1442,47.28,4,1.4328,1,35,34,1
52.6505,12.54,3,1.2535,1,18,11,1
6.7718,35.44,4,11.8137,1,82,4,1
9.6158,37.44,6,7.4877,1,88,6,1
4.3662,54.97,4,18.3226,1,95,4,1
2.5792,558.31,15,24.2741,0,111,24,0
3.1713,56.76,3,28.3792,1,75,3,1
6.8227,52.77,6,10.5531,1,75,6,1
0.4928,852.19,6,142.0324,0,158,7,0
68.9507,26.11,2,0.9002,1,52,30,1
36.7291,4.9,3,2.4504,0,110,3,1
59.0807,3.05,3,1.5233,0,98,3,1
69.9479,16.3,2,0.9054,1,22,19,1
70.6792,2.55,3,1.2734,0,110,3,1
23.8715,27.65,4,2.7648,1,22,11,1
2.808,384.61,16,22.6242,0,129,18,0
3.2068,374.2,20,19.6947,0,125,20,0
2.8678,669.5,25,21.5968,0,142,32,0
41.3336,26.13,8,1.537,1,24,18,1
232.9532,1.29,5,0.322,0,80,5,1
